subject_id,npz_path,metric,win_sec,stride_sec,seg1,seg2,distance
subject1,/afs/crc.nd.edu/group/cvrl/scratch_34/jspeth/preprocessed/UBFC_rPPG/subject1.npz,l2_norm,15,5,0-15,5-20,0.5827938739302168
subject1,/afs/crc.nd.edu/group/cvrl/scratch_34/jspeth/preprocessed/UBFC_rPPG/subject1.npz,l2_norm,15,5,0-15,10-25,0.6818332312598109
subject1,/afs/crc.nd.edu/group/cvrl/scratch_34/jspeth/preprocessed/UBFC_rPPG/subject1.npz,l2_norm,15,5,0-15,15-30,0.9562052402174509
subject1,/afs/crc.nd.edu/group/cvrl/scratch_34/jspeth/preprocessed/UBFC_rPPG/subject1.npz,l2_norm,15,5,5-20,10-25,0.4408468531016562
subject1,/afs/crc.nd.edu/group/cvrl/scratch_34/jspeth/preprocessed/UBFC_rPPG/subject1.npz,l2_norm,15,5,5-20,15-30,0.8143428509126842
subject1,/afs/crc.nd.edu/group/cvrl/scratch_34/jspeth/preprocessed/UBFC_rPPG/subject1.npz,l2_norm,15,5,10-25,15-30,0.6845609948982884
subject10,/afs/crc.nd.edu/group/cvrl/scratch_34/jspeth/preprocessed/UBFC_rPPG/subject10.npz,l2_norm,15,5,0-15,5-20,0.6720779581431477
subject10,/afs/crc.nd.edu/group/cvrl/scratch_34/jspeth/preprocessed/UBFC_rPPG/subject10.npz,l2_norm,15,5,0-15,10-25,0.9848010330019159
subject10,/afs/crc.nd.edu/group/cvrl/scratch_34/jspeth/preprocessed/UBFC_rPPG/subject10.npz,l2_norm,15,5,0-15,15-30,0.985801821938781
subject10,/afs/crc.nd.edu/group/cvrl/scratch_34/jspeth/preprocessed/UBFC_rPPG/subject10.npz,l2_norm,15,5,5-20,10-25,0.6394102522998816
subject10,/afs/crc.nd.edu/group/cvrl/scratch_34/jspeth/preprocessed/UBFC_rPPG/subject10.npz,l2_norm,15,5,5-20,15-30,1.1069331510783749
subject10,/afs/crc.nd.edu/group/cvrl/scratch_34/jspeth/preprocessed/UBFC_rPPG/subject10.npz,l2_norm,15,5,10-25,15-30,0.9570048113078979
subject11,/afs/crc.nd.edu/group/cvrl/scratch_34/jspeth/preprocessed/UBFC_rPPG/subject11.npz,l2_norm,15,5,0-15,5-20,0.38324539410059116
subject11,/afs/crc.nd.edu/group/cvrl/scratch_34/jspeth/preprocessed/UBFC_rPPG/subject11.npz,l2_norm,15,5,0-15,10-25,0.40301987974731135
subject11,/afs/crc.nd.edu/group/cvrl/scratch_34/jspeth/preprocessed/UBFC_rPPG/subject11.npz,l2_norm,15,5,0-15,15-30,0.7115481479953388
subject11,/afs/crc.nd.edu/group/cvrl/scratch_34/jspeth/preprocessed/UBFC_rPPG/subject11.npz,l2_norm,15,5,5-20,10-25,0.4593539601380359
subject11,/afs/crc.nd.edu/group/cvrl/scratch_34/jspeth/preprocessed/UBFC_rPPG/subject11.npz,l2_norm,15,5,5-20,15-30,0.6718062988780434
subject11,/afs/crc.nd.edu/group/cvrl/scratch_34/jspeth/preprocessed/UBFC_rPPG/subject11.npz,l2_norm,15,5,10-25,15-30,0.5553704441651202
subject12,/afs/crc.nd.edu/group/cvrl/scratch_34/jspeth/preprocessed/UBFC_rPPG/subject12.npz,l2_norm,15,5,0-15,5-20,0.447780599723656
subject12,/afs/crc.nd.edu/group/cvrl/scratch_34/jspeth/preprocessed/UBFC_rPPG/subject12.npz,l2_norm,15,5,0-15,10-25,0.6351401081240619
subject12,/afs/crc.nd.edu/group/cvrl/scratch_34/jspeth/preprocessed/UBFC_rPPG/subject12.npz,l2_norm,15,5,0-15,15-30,0.7281326601426512
subject12,/afs/crc.nd.edu/group/cvrl/scratch_34/jspeth/preprocessed/UBFC_rPPG/subject12.npz,l2_norm,15,5,5-20,10-25,0.5312500610392609
subject12,/afs/crc.nd.edu/group/cvrl/scratch_34/jspeth/preprocessed/UBFC_rPPG/subject12.npz,l2_norm,15,5,5-20,15-30,0.7019458917680107
subject12,/afs/crc.nd.edu/group/cvrl/scratch_34/jspeth/preprocessed/UBFC_rPPG/subject12.npz,l2_norm,15,5,10-25,15-30,0.5373397625940325
subject13,/afs/crc.nd.edu/group/cvrl/scratch_34/jspeth/preprocessed/UBFC_rPPG/subject13.npz,l2_norm,15,5,0-15,5-20,0.6896561005400272
subject13,/afs/crc.nd.edu/group/cvrl/scratch_34/jspeth/preprocessed/UBFC_rPPG/subject13.npz,l2_norm,15,5,0-15,10-25,0.9572663745926421
subject13,/afs/crc.nd.edu/group/cvrl/scratch_34/jspeth/preprocessed/UBFC_rPPG/subject13.npz,l2_norm,15,5,0-15,15-30,0.9260715219948169
subject13,/afs/crc.nd.edu/group/cvrl/scratch_34/jspeth/preprocessed/UBFC_rPPG/subject13.npz,l2_norm,15,5,5-20,10-25,0.7862420634532978
subject13,/afs/crc.nd.edu/group/cvrl/scratch_34/jspeth/preprocessed/UBFC_rPPG/subject13.npz,l2_norm,15,5,5-20,15-30,0.7271166746367876
subject13,/afs/crc.nd.edu/group/cvrl/scratch_34/jspeth/preprocessed/UBFC_rPPG/subject13.npz,l2_norm,15,5,10-25,15-30,0.43270574895659447
subject14,/afs/crc.nd.edu/group/cvrl/scratch_34/jspeth/preprocessed/UBFC_rPPG/subject14.npz,l2_norm,15,5,0-15,5-20,0.52880727572514
subject14,/afs/crc.nd.edu/group/cvrl/scratch_34/jspeth/preprocessed/UBFC_rPPG/subject14.npz,l2_norm,15,5,0-15,10-25,0.8689252398471907
subject14,/afs/crc.nd.edu/group/cvrl/scratch_34/jspeth/preprocessed/UBFC_rPPG/subject14.npz,l2_norm,15,5,0-15,15-30,0.9484799461895473
subject14,/afs/crc.nd.edu/group/cvrl/scratch_34/jspeth/preprocessed/UBFC_rPPG/subject14.npz,l2_norm,15,5,5-20,10-25,0.662886097704695
subject14,/afs/crc.nd.edu/group/cvrl/scratch_34/jspeth/preprocessed/UBFC_rPPG/subject14.npz,l2_norm,15,5,5-20,15-30,0.7061988643880107
subject14,/afs/crc.nd.edu/group/cvrl/scratch_34/jspeth/preprocessed/UBFC_rPPG/subject14.npz,l2_norm,15,5,10-25,15-30,0.31245996524784275
subject15,/afs/crc.nd.edu/group/cvrl/scratch_34/jspeth/preprocessed/UBFC_rPPG/subject15.npz,l2_norm,15,5,0-15,5-20,0.4840590030537606
subject15,/afs/crc.nd.edu/group/cvrl/scratch_34/jspeth/preprocessed/UBFC_rPPG/subject15.npz,l2_norm,15,5,0-15,10-25,0.8541154345371049
subject15,/afs/crc.nd.edu/group/cvrl/scratch_34/jspeth/preprocessed/UBFC_rPPG/subject15.npz,l2_norm,15,5,0-15,15-30,0.7275143523193941
subject15,/afs/crc.nd.edu/group/cvrl/scratch_34/jspeth/preprocessed/UBFC_rPPG/subject15.npz,l2_norm,15,5,5-20,10-25,0.7688004338904187
subject15,/afs/crc.nd.edu/group/cvrl/scratch_34/jspeth/preprocessed/UBFC_rPPG/subject15.npz,l2_norm,15,5,5-20,15-30,0.9033601068945504
subject15,/afs/crc.nd.edu/group/cvrl/scratch_34/jspeth/preprocessed/UBFC_rPPG/subject15.npz,l2_norm,15,5,10-25,15-30,0.7885459293422987
subject16,/afs/crc.nd.edu/group/cvrl/scratch_34/jspeth/preprocessed/UBFC_rPPG/subject16.npz,l2_norm,15,5,0-15,5-20,0.8218724924549006
subject16,/afs/crc.nd.edu/group/cvrl/scratch_34/jspeth/preprocessed/UBFC_rPPG/subject16.npz,l2_norm,15,5,0-15,10-25,0.7267557188018403
subject16,/afs/crc.nd.edu/group/cvrl/scratch_34/jspeth/preprocessed/UBFC_rPPG/subject16.npz,l2_norm,15,5,0-15,15-30,0.6919650307119529
subject16,/afs/crc.nd.edu/group/cvrl/scratch_34/jspeth/preprocessed/UBFC_rPPG/subject16.npz,l2_norm,15,5,5-20,10-25,0.8370818251070158
subject16,/afs/crc.nd.edu/group/cvrl/scratch_34/jspeth/preprocessed/UBFC_rPPG/subject16.npz,l2_norm,15,5,5-20,15-30,0.9730976983290717
subject16,/afs/crc.nd.edu/group/cvrl/scratch_34/jspeth/preprocessed/UBFC_rPPG/subject16.npz,l2_norm,15,5,10-25,15-30,0.3795807816042756
subject17,/afs/crc.nd.edu/group/cvrl/scratch_34/jspeth/preprocessed/UBFC_rPPG/subject17.npz,l2_norm,15,5,0-15,5-20,0.9189865017978444
subject17,/afs/crc.nd.edu/group/cvrl/scratch_34/jspeth/preprocessed/UBFC_rPPG/subject17.npz,l2_norm,15,5,0-15,10-25,0.560548116572613
subject17,/afs/crc.nd.edu/group/cvrl/scratch_34/jspeth/preprocessed/UBFC_rPPG/subject17.npz,l2_norm,15,5,0-15,15-30,0.6406026237843853
subject17,/afs/crc.nd.edu/group/cvrl/scratch_34/jspeth/preprocessed/UBFC_rPPG/subject17.npz,l2_norm,15,5,5-20,10-25,0.8595761876728026
subject17,/afs/crc.nd.edu/group/cvrl/scratch_34/jspeth/preprocessed/UBFC_rPPG/subject17.npz,l2_norm,15,5,5-20,15-30,1.056200578816779
subject17,/afs/crc.nd.edu/group/cvrl/scratch_34/jspeth/preprocessed/UBFC_rPPG/subject17.npz,l2_norm,15,5,10-25,15-30,0.5008714521816511
subject18,/afs/crc.nd.edu/group/cvrl/scratch_34/jspeth/preprocessed/UBFC_rPPG/subject18.npz,l2_norm,15,5,0-15,5-20,0.8923787630910753
subject18,/afs/crc.nd.edu/group/cvrl/scratch_34/jspeth/preprocessed/UBFC_rPPG/subject18.npz,l2_norm,15,5,0-15,10-25,1.0648015493545415
subject18,/afs/crc.nd.edu/group/cvrl/scratch_34/jspeth/preprocessed/UBFC_rPPG/subject18.npz,l2_norm,15,5,0-15,15-30,1.1377848730025801
subject18,/afs/crc.nd.edu/group/cvrl/scratch_34/jspeth/preprocessed/UBFC_rPPG/subject18.npz,l2_norm,15,5,5-20,10-25,0.6703542419691002
subject18,/afs/crc.nd.edu/group/cvrl/scratch_34/jspeth/preprocessed/UBFC_rPPG/subject18.npz,l2_norm,15,5,5-20,15-30,0.930762199060154
subject18,/afs/crc.nd.edu/group/cvrl/scratch_34/jspeth/preprocessed/UBFC_rPPG/subject18.npz,l2_norm,15,5,10-25,15-30,0.5551363345974433
subject20,/afs/crc.nd.edu/group/cvrl/scratch_34/jspeth/preprocessed/UBFC_rPPG/subject20.npz,l2_norm,15,5,0-15,5-20,0.6105448852316087
subject20,/afs/crc.nd.edu/group/cvrl/scratch_34/jspeth/preprocessed/UBFC_rPPG/subject20.npz,l2_norm,15,5,0-15,10-25,0.8562681720512204
subject20,/afs/crc.nd.edu/group/cvrl/scratch_34/jspeth/preprocessed/UBFC_rPPG/subject20.npz,l2_norm,15,5,0-15,15-30,0.9808341286701335
subject20,/afs/crc.nd.edu/group/cvrl/scratch_34/jspeth/preprocessed/UBFC_rPPG/subject20.npz,l2_norm,15,5,5-20,10-25,0.6186224144895256
subject20,/afs/crc.nd.edu/group/cvrl/scratch_34/jspeth/preprocessed/UBFC_rPPG/subject20.npz,l2_norm,15,5,5-20,15-30,0.8146909901032794
subject20,/afs/crc.nd.edu/group/cvrl/scratch_34/jspeth/preprocessed/UBFC_rPPG/subject20.npz,l2_norm,15,5,10-25,15-30,0.3483444854893918
subject22,/afs/crc.nd.edu/group/cvrl/scratch_34/jspeth/preprocessed/UBFC_rPPG/subject22.npz,l2_norm,15,5,0-15,5-20,0.3836843331746909
subject22,/afs/crc.nd.edu/group/cvrl/scratch_34/jspeth/preprocessed/UBFC_rPPG/subject22.npz,l2_norm,15,5,0-15,10-25,0.7794047079456647
subject22,/afs/crc.nd.edu/group/cvrl/scratch_34/jspeth/preprocessed/UBFC_rPPG/subject22.npz,l2_norm,15,5,0-15,15-30,0.8914977687309588
subject22,/afs/crc.nd.edu/group/cvrl/scratch_34/jspeth/preprocessed/UBFC_rPPG/subject22.npz,l2_norm,15,5,5-20,10-25,0.8040372943745656
subject22,/afs/crc.nd.edu/group/cvrl/scratch_34/jspeth/preprocessed/UBFC_rPPG/subject22.npz,l2_norm,15,5,5-20,15-30,0.9127295498589686
subject22,/afs/crc.nd.edu/group/cvrl/scratch_34/jspeth/preprocessed/UBFC_rPPG/subject22.npz,l2_norm,15,5,10-25,15-30,0.5099714019856291
subject23,/afs/crc.nd.edu/group/cvrl/scratch_34/jspeth/preprocessed/UBFC_rPPG/subject23.npz,l2_norm,15,5,0-15,5-20,0.5100046007699092
subject23,/afs/crc.nd.edu/group/cvrl/scratch_34/jspeth/preprocessed/UBFC_rPPG/subject23.npz,l2_norm,15,5,0-15,10-25,0.6012576619484469
subject23,/afs/crc.nd.edu/group/cvrl/scratch_34/jspeth/preprocessed/UBFC_rPPG/subject23.npz,l2_norm,15,5,0-15,15-30,0.7324374220734571
subject23,/afs/crc.nd.edu/group/cvrl/scratch_34/jspeth/preprocessed/UBFC_rPPG/subject23.npz,l2_norm,15,5,5-20,10-25,0.3975675403314976
subject23,/afs/crc.nd.edu/group/cvrl/scratch_34/jspeth/preprocessed/UBFC_rPPG/subject23.npz,l2_norm,15,5,5-20,15-30,0.5581992117589292
subject23,/afs/crc.nd.edu/group/cvrl/scratch_34/jspeth/preprocessed/UBFC_rPPG/subject23.npz,l2_norm,15,5,10-25,15-30,0.42499983520197193
subject24,/afs/crc.nd.edu/group/cvrl/scratch_34/jspeth/preprocessed/UBFC_rPPG/subject24.npz,l2_norm,15,5,0-15,5-20,0.5878166391842784
subject24,/afs/crc.nd.edu/group/cvrl/scratch_34/jspeth/preprocessed/UBFC_rPPG/subject24.npz,l2_norm,15,5,0-15,10-25,0.9760532423049342
subject24,/afs/crc.nd.edu/group/cvrl/scratch_34/jspeth/preprocessed/UBFC_rPPG/subject24.npz,l2_norm,15,5,0-15,15-30,0.6880589204364571
subject24,/afs/crc.nd.edu/group/cvrl/scratch_34/jspeth/preprocessed/UBFC_rPPG/subject24.npz,l2_norm,15,5,5-20,10-25,0.7179095477083486
subject24,/afs/crc.nd.edu/group/cvrl/scratch_34/jspeth/preprocessed/UBFC_rPPG/subject24.npz,l2_norm,15,5,5-20,15-30,0.7833436769144712
subject24,/afs/crc.nd.edu/group/cvrl/scratch_34/jspeth/preprocessed/UBFC_rPPG/subject24.npz,l2_norm,15,5,10-25,15-30,0.7854320962776605
subject25,/afs/crc.nd.edu/group/cvrl/scratch_34/jspeth/preprocessed/UBFC_rPPG/subject25.npz,l2_norm,15,5,0-15,5-20,0.6788170238210276
subject25,/afs/crc.nd.edu/group/cvrl/scratch_34/jspeth/preprocessed/UBFC_rPPG/subject25.npz,l2_norm,15,5,0-15,10-25,0.9029067815736909
subject25,/afs/crc.nd.edu/group/cvrl/scratch_34/jspeth/preprocessed/UBFC_rPPG/subject25.npz,l2_norm,15,5,0-15,15-30,0.8175879663810192
subject25,/afs/crc.nd.edu/group/cvrl/scratch_34/jspeth/preprocessed/UBFC_rPPG/subject25.npz,l2_norm,15,5,5-20,10-25,0.9836430869159744
subject25,/afs/crc.nd.edu/group/cvrl/scratch_34/jspeth/preprocessed/UBFC_rPPG/subject25.npz,l2_norm,15,5,5-20,15-30,0.9994064249889362
subject25,/afs/crc.nd.edu/group/cvrl/scratch_34/jspeth/preprocessed/UBFC_rPPG/subject25.npz,l2_norm,15,5,10-25,15-30,0.5633904965317428
subject26,/afs/crc.nd.edu/group/cvrl/scratch_34/jspeth/preprocessed/UBFC_rPPG/subject26.npz,l2_norm,15,5,0-15,5-20,0.35070435610468415
subject26,/afs/crc.nd.edu/group/cvrl/scratch_34/jspeth/preprocessed/UBFC_rPPG/subject26.npz,l2_norm,15,5,0-15,10-25,0.5352785353434181
subject26,/afs/crc.nd.edu/group/cvrl/scratch_34/jspeth/preprocessed/UBFC_rPPG/subject26.npz,l2_norm,15,5,0-15,15-30,0.6973860000109691
subject26,/afs/crc.nd.edu/group/cvrl/scratch_34/jspeth/preprocessed/UBFC_rPPG/subject26.npz,l2_norm,15,5,5-20,10-25,0.42048856450273403
subject26,/afs/crc.nd.edu/group/cvrl/scratch_34/jspeth/preprocessed/UBFC_rPPG/subject26.npz,l2_norm,15,5,5-20,15-30,0.7685441275345686
subject26,/afs/crc.nd.edu/group/cvrl/scratch_34/jspeth/preprocessed/UBFC_rPPG/subject26.npz,l2_norm,15,5,10-25,15-30,0.6250857400931819
subject27,/afs/crc.nd.edu/group/cvrl/scratch_34/jspeth/preprocessed/UBFC_rPPG/subject27.npz,l2_norm,15,5,0-15,5-20,0.4727530229891089
subject27,/afs/crc.nd.edu/group/cvrl/scratch_34/jspeth/preprocessed/UBFC_rPPG/subject27.npz,l2_norm,15,5,0-15,10-25,0.5769249361532433
subject27,/afs/crc.nd.edu/group/cvrl/scratch_34/jspeth/preprocessed/UBFC_rPPG/subject27.npz,l2_norm,15,5,0-15,15-30,0.723776067132129
subject27,/afs/crc.nd.edu/group/cvrl/scratch_34/jspeth/preprocessed/UBFC_rPPG/subject27.npz,l2_norm,15,5,5-20,10-25,0.41605122917061604
subject27,/afs/crc.nd.edu/group/cvrl/scratch_34/jspeth/preprocessed/UBFC_rPPG/subject27.npz,l2_norm,15,5,5-20,15-30,0.8287896760417156
subject27,/afs/crc.nd.edu/group/cvrl/scratch_34/jspeth/preprocessed/UBFC_rPPG/subject27.npz,l2_norm,15,5,10-25,15-30,0.8199788217262127
subject3,/afs/crc.nd.edu/group/cvrl/scratch_34/jspeth/preprocessed/UBFC_rPPG/subject3.npz,l2_norm,15,5,0-15,5-20,0.5064036309595009
subject3,/afs/crc.nd.edu/group/cvrl/scratch_34/jspeth/preprocessed/UBFC_rPPG/subject3.npz,l2_norm,15,5,0-15,10-25,0.6723020881479166
subject3,/afs/crc.nd.edu/group/cvrl/scratch_34/jspeth/preprocessed/UBFC_rPPG/subject3.npz,l2_norm,15,5,0-15,15-30,1.1091020219363765
subject3,/afs/crc.nd.edu/group/cvrl/scratch_34/jspeth/preprocessed/UBFC_rPPG/subject3.npz,l2_norm,15,5,5-20,10-25,0.6229676835486155
subject3,/afs/crc.nd.edu/group/cvrl/scratch_34/jspeth/preprocessed/UBFC_rPPG/subject3.npz,l2_norm,15,5,5-20,15-30,1.10797846761982
subject3,/afs/crc.nd.edu/group/cvrl/scratch_34/jspeth/preprocessed/UBFC_rPPG/subject3.npz,l2_norm,15,5,10-25,15-30,0.733964464826146
subject30,/afs/crc.nd.edu/group/cvrl/scratch_34/jspeth/preprocessed/UBFC_rPPG/subject30.npz,l2_norm,15,5,0-15,5-20,0.8413171472646458
subject30,/afs/crc.nd.edu/group/cvrl/scratch_34/jspeth/preprocessed/UBFC_rPPG/subject30.npz,l2_norm,15,5,0-15,10-25,1.1768436264795814
subject30,/afs/crc.nd.edu/group/cvrl/scratch_34/jspeth/preprocessed/UBFC_rPPG/subject30.npz,l2_norm,15,5,0-15,15-30,1.1200747980730341
subject30,/afs/crc.nd.edu/group/cvrl/scratch_34/jspeth/preprocessed/UBFC_rPPG/subject30.npz,l2_norm,15,5,5-20,10-25,0.7360232367370815
subject30,/afs/crc.nd.edu/group/cvrl/scratch_34/jspeth/preprocessed/UBFC_rPPG/subject30.npz,l2_norm,15,5,5-20,15-30,0.7968014084222849
subject30,/afs/crc.nd.edu/group/cvrl/scratch_34/jspeth/preprocessed/UBFC_rPPG/subject30.npz,l2_norm,15,5,10-25,15-30,0.39489293189767605
subject31,/afs/crc.nd.edu/group/cvrl/scratch_34/jspeth/preprocessed/UBFC_rPPG/subject31.npz,l2_norm,15,5,0-15,5-20,0.7177950565257081
subject31,/afs/crc.nd.edu/group/cvrl/scratch_34/jspeth/preprocessed/UBFC_rPPG/subject31.npz,l2_norm,15,5,0-15,10-25,0.6351570376064237
subject31,/afs/crc.nd.edu/group/cvrl/scratch_34/jspeth/preprocessed/UBFC_rPPG/subject31.npz,l2_norm,15,5,0-15,15-30,0.829434751035206
subject31,/afs/crc.nd.edu/group/cvrl/scratch_34/jspeth/preprocessed/UBFC_rPPG/subject31.npz,l2_norm,15,5,5-20,10-25,0.4976284122028395
subject31,/afs/crc.nd.edu/group/cvrl/scratch_34/jspeth/preprocessed/UBFC_rPPG/subject31.npz,l2_norm,15,5,5-20,15-30,0.9341763461807661
subject31,/afs/crc.nd.edu/group/cvrl/scratch_34/jspeth/preprocessed/UBFC_rPPG/subject31.npz,l2_norm,15,5,10-25,15-30,0.6490667497684532
subject32,/afs/crc.nd.edu/group/cvrl/scratch_34/jspeth/preprocessed/UBFC_rPPG/subject32.npz,l2_norm,15,5,0-15,5-20,0.33259002263582116
subject32,/afs/crc.nd.edu/group/cvrl/scratch_34/jspeth/preprocessed/UBFC_rPPG/subject32.npz,l2_norm,15,5,0-15,10-25,0.45767944727656396
subject32,/afs/crc.nd.edu/group/cvrl/scratch_34/jspeth/preprocessed/UBFC_rPPG/subject32.npz,l2_norm,15,5,0-15,15-30,0.558164728351337
subject32,/afs/crc.nd.edu/group/cvrl/scratch_34/jspeth/preprocessed/UBFC_rPPG/subject32.npz,l2_norm,15,5,5-20,10-25,0.31841273811308474
subject32,/afs/crc.nd.edu/group/cvrl/scratch_34/jspeth/preprocessed/UBFC_rPPG/subject32.npz,l2_norm,15,5,5-20,15-30,0.4564344082716058
subject32,/afs/crc.nd.edu/group/cvrl/scratch_34/jspeth/preprocessed/UBFC_rPPG/subject32.npz,l2_norm,15,5,10-25,15-30,0.28645193855853723
subject33,/afs/crc.nd.edu/group/cvrl/scratch_34/jspeth/preprocessed/UBFC_rPPG/subject33.npz,l2_norm,15,5,0-15,5-20,0.6004537528134611
subject33,/afs/crc.nd.edu/group/cvrl/scratch_34/jspeth/preprocessed/UBFC_rPPG/subject33.npz,l2_norm,15,5,0-15,10-25,0.8164346969527798
subject33,/afs/crc.nd.edu/group/cvrl/scratch_34/jspeth/preprocessed/UBFC_rPPG/subject33.npz,l2_norm,15,5,0-15,15-30,0.8659912497667587
subject33,/afs/crc.nd.edu/group/cvrl/scratch_34/jspeth/preprocessed/UBFC_rPPG/subject33.npz,l2_norm,15,5,5-20,10-25,0.5372286827932373
subject33,/afs/crc.nd.edu/group/cvrl/scratch_34/jspeth/preprocessed/UBFC_rPPG/subject33.npz,l2_norm,15,5,5-20,15-30,0.7685253211479004
subject33,/afs/crc.nd.edu/group/cvrl/scratch_34/jspeth/preprocessed/UBFC_rPPG/subject33.npz,l2_norm,15,5,10-25,15-30,0.6729756816894406
subject34,/afs/crc.nd.edu/group/cvrl/scratch_34/jspeth/preprocessed/UBFC_rPPG/subject34.npz,l2_norm,15,5,0-15,5-20,0.5968624669720284
subject34,/afs/crc.nd.edu/group/cvrl/scratch_34/jspeth/preprocessed/UBFC_rPPG/subject34.npz,l2_norm,15,5,0-15,10-25,0.7868386696693881
subject34,/afs/crc.nd.edu/group/cvrl/scratch_34/jspeth/preprocessed/UBFC_rPPG/subject34.npz,l2_norm,15,5,0-15,15-30,0.7514975088810879
subject34,/afs/crc.nd.edu/group/cvrl/scratch_34/jspeth/preprocessed/UBFC_rPPG/subject34.npz,l2_norm,15,5,5-20,10-25,0.529419997462658
subject34,/afs/crc.nd.edu/group/cvrl/scratch_34/jspeth/preprocessed/UBFC_rPPG/subject34.npz,l2_norm,15,5,5-20,15-30,0.553601469467163
subject34,/afs/crc.nd.edu/group/cvrl/scratch_34/jspeth/preprocessed/UBFC_rPPG/subject34.npz,l2_norm,15,5,10-25,15-30,0.33248164966614785
subject35,/afs/crc.nd.edu/group/cvrl/scratch_34/jspeth/preprocessed/UBFC_rPPG/subject35.npz,l2_norm,15,5,0-15,5-20,0.6078858683324622
subject35,/afs/crc.nd.edu/group/cvrl/scratch_34/jspeth/preprocessed/UBFC_rPPG/subject35.npz,l2_norm,15,5,0-15,10-25,0.8184612569443988
subject35,/afs/crc.nd.edu/group/cvrl/scratch_34/jspeth/preprocessed/UBFC_rPPG/subject35.npz,l2_norm,15,5,0-15,15-30,1.1453670067285031
subject35,/afs/crc.nd.edu/group/cvrl/scratch_34/jspeth/preprocessed/UBFC_rPPG/subject35.npz,l2_norm,15,5,5-20,10-25,0.773602585675065
subject35,/afs/crc.nd.edu/group/cvrl/scratch_34/jspeth/preprocessed/UBFC_rPPG/subject35.npz,l2_norm,15,5,5-20,15-30,1.0712547161028172
subject35,/afs/crc.nd.edu/group/cvrl/scratch_34/jspeth/preprocessed/UBFC_rPPG/subject35.npz,l2_norm,15,5,10-25,15-30,0.5853416141327475
subject36,/afs/crc.nd.edu/group/cvrl/scratch_34/jspeth/preprocessed/UBFC_rPPG/subject36.npz,l2_norm,15,5,0-15,5-20,0.4970164284105971
subject36,/afs/crc.nd.edu/group/cvrl/scratch_34/jspeth/preprocessed/UBFC_rPPG/subject36.npz,l2_norm,15,5,0-15,10-25,0.857589004391739
subject36,/afs/crc.nd.edu/group/cvrl/scratch_34/jspeth/preprocessed/UBFC_rPPG/subject36.npz,l2_norm,15,5,0-15,15-30,1.0655693031148328
subject36,/afs/crc.nd.edu/group/cvrl/scratch_34/jspeth/preprocessed/UBFC_rPPG/subject36.npz,l2_norm,15,5,5-20,10-25,0.6111872009125496
subject36,/afs/crc.nd.edu/group/cvrl/scratch_34/jspeth/preprocessed/UBFC_rPPG/subject36.npz,l2_norm,15,5,5-20,15-30,0.8359540825991741
subject36,/afs/crc.nd.edu/group/cvrl/scratch_34/jspeth/preprocessed/UBFC_rPPG/subject36.npz,l2_norm,15,5,10-25,15-30,0.6164167541148433
subject37,/afs/crc.nd.edu/group/cvrl/scratch_34/jspeth/preprocessed/UBFC_rPPG/subject37.npz,l2_norm,15,5,0-15,5-20,0.7252365532208445
subject37,/afs/crc.nd.edu/group/cvrl/scratch_34/jspeth/preprocessed/UBFC_rPPG/subject37.npz,l2_norm,15,5,0-15,10-25,0.7384017186748685
subject37,/afs/crc.nd.edu/group/cvrl/scratch_34/jspeth/preprocessed/UBFC_rPPG/subject37.npz,l2_norm,15,5,0-15,15-30,0.705999782338597
subject37,/afs/crc.nd.edu/group/cvrl/scratch_34/jspeth/preprocessed/UBFC_rPPG/subject37.npz,l2_norm,15,5,5-20,10-25,0.6563640518458719
subject37,/afs/crc.nd.edu/group/cvrl/scratch_34/jspeth/preprocessed/UBFC_rPPG/subject37.npz,l2_norm,15,5,5-20,15-30,0.8699929492159412
subject37,/afs/crc.nd.edu/group/cvrl/scratch_34/jspeth/preprocessed/UBFC_rPPG/subject37.npz,l2_norm,15,5,10-25,15-30,0.6644471841084947
subject38,/afs/crc.nd.edu/group/cvrl/scratch_34/jspeth/preprocessed/UBFC_rPPG/subject38.npz,l2_norm,15,5,0-15,5-20,0.8285385916362883
subject38,/afs/crc.nd.edu/group/cvrl/scratch_34/jspeth/preprocessed/UBFC_rPPG/subject38.npz,l2_norm,15,5,0-15,10-25,0.9369760357508038
subject38,/afs/crc.nd.edu/group/cvrl/scratch_34/jspeth/preprocessed/UBFC_rPPG/subject38.npz,l2_norm,15,5,0-15,15-30,0.9594147091142238
subject38,/afs/crc.nd.edu/group/cvrl/scratch_34/jspeth/preprocessed/UBFC_rPPG/subject38.npz,l2_norm,15,5,5-20,10-25,0.5228442270307526
subject38,/afs/crc.nd.edu/group/cvrl/scratch_34/jspeth/preprocessed/UBFC_rPPG/subject38.npz,l2_norm,15,5,5-20,15-30,1.1619318970704597
subject38,/afs/crc.nd.edu/group/cvrl/scratch_34/jspeth/preprocessed/UBFC_rPPG/subject38.npz,l2_norm,15,5,10-25,15-30,1.0643316697929022
subject39,/afs/crc.nd.edu/group/cvrl/scratch_34/jspeth/preprocessed/UBFC_rPPG/subject39.npz,l2_norm,15,5,0-15,5-20,0.6146653242332217
subject39,/afs/crc.nd.edu/group/cvrl/scratch_34/jspeth/preprocessed/UBFC_rPPG/subject39.npz,l2_norm,15,5,0-15,10-25,0.6715744682089331
subject39,/afs/crc.nd.edu/group/cvrl/scratch_34/jspeth/preprocessed/UBFC_rPPG/subject39.npz,l2_norm,15,5,0-15,15-30,0.7128811281796605
subject39,/afs/crc.nd.edu/group/cvrl/scratch_34/jspeth/preprocessed/UBFC_rPPG/subject39.npz,l2_norm,15,5,5-20,10-25,0.559539974185424
subject39,/afs/crc.nd.edu/group/cvrl/scratch_34/jspeth/preprocessed/UBFC_rPPG/subject39.npz,l2_norm,15,5,5-20,15-30,0.8321225843577673
subject39,/afs/crc.nd.edu/group/cvrl/scratch_34/jspeth/preprocessed/UBFC_rPPG/subject39.npz,l2_norm,15,5,10-25,15-30,0.6559786367986455
subject4,/afs/crc.nd.edu/group/cvrl/scratch_34/jspeth/preprocessed/UBFC_rPPG/subject4.npz,l2_norm,15,5,0-15,5-20,0.661531371788215
subject4,/afs/crc.nd.edu/group/cvrl/scratch_34/jspeth/preprocessed/UBFC_rPPG/subject4.npz,l2_norm,15,5,0-15,10-25,0.9421850842459389
subject4,/afs/crc.nd.edu/group/cvrl/scratch_34/jspeth/preprocessed/UBFC_rPPG/subject4.npz,l2_norm,15,5,0-15,15-30,0.9705355131874814
subject4,/afs/crc.nd.edu/group/cvrl/scratch_34/jspeth/preprocessed/UBFC_rPPG/subject4.npz,l2_norm,15,5,5-20,10-25,0.8166346292799617
subject4,/afs/crc.nd.edu/group/cvrl/scratch_34/jspeth/preprocessed/UBFC_rPPG/subject4.npz,l2_norm,15,5,5-20,15-30,0.9154565168767071
subject4,/afs/crc.nd.edu/group/cvrl/scratch_34/jspeth/preprocessed/UBFC_rPPG/subject4.npz,l2_norm,15,5,10-25,15-30,0.321486377284499
subject40,/afs/crc.nd.edu/group/cvrl/scratch_34/jspeth/preprocessed/UBFC_rPPG/subject40.npz,l2_norm,15,5,0-15,5-20,0.3275470586303129
subject40,/afs/crc.nd.edu/group/cvrl/scratch_34/jspeth/preprocessed/UBFC_rPPG/subject40.npz,l2_norm,15,5,0-15,10-25,0.6928580309536299
subject40,/afs/crc.nd.edu/group/cvrl/scratch_34/jspeth/preprocessed/UBFC_rPPG/subject40.npz,l2_norm,15,5,0-15,15-30,0.926280778294402
subject40,/afs/crc.nd.edu/group/cvrl/scratch_34/jspeth/preprocessed/UBFC_rPPG/subject40.npz,l2_norm,15,5,5-20,10-25,0.6398301922032236
subject40,/afs/crc.nd.edu/group/cvrl/scratch_34/jspeth/preprocessed/UBFC_rPPG/subject40.npz,l2_norm,15,5,5-20,15-30,0.9032574771511733
subject40,/afs/crc.nd.edu/group/cvrl/scratch_34/jspeth/preprocessed/UBFC_rPPG/subject40.npz,l2_norm,15,5,10-25,15-30,0.6445344366268471
subject41,/afs/crc.nd.edu/group/cvrl/scratch_34/jspeth/preprocessed/UBFC_rPPG/subject41.npz,l2_norm,15,5,0-15,5-20,0.2929530102621448
subject41,/afs/crc.nd.edu/group/cvrl/scratch_34/jspeth/preprocessed/UBFC_rPPG/subject41.npz,l2_norm,15,5,0-15,10-25,0.47758369950804175
subject41,/afs/crc.nd.edu/group/cvrl/scratch_34/jspeth/preprocessed/UBFC_rPPG/subject41.npz,l2_norm,15,5,0-15,15-30,0.43683845230039553
subject41,/afs/crc.nd.edu/group/cvrl/scratch_34/jspeth/preprocessed/UBFC_rPPG/subject41.npz,l2_norm,15,5,5-20,10-25,0.40777363155179946
subject41,/afs/crc.nd.edu/group/cvrl/scratch_34/jspeth/preprocessed/UBFC_rPPG/subject41.npz,l2_norm,15,5,5-20,15-30,0.5384963158837625
subject41,/afs/crc.nd.edu/group/cvrl/scratch_34/jspeth/preprocessed/UBFC_rPPG/subject41.npz,l2_norm,15,5,10-25,15-30,0.49873247381691777
subject42,/afs/crc.nd.edu/group/cvrl/scratch_34/jspeth/preprocessed/UBFC_rPPG/subject42.npz,l2_norm,15,5,0-15,5-20,0.8167654043647831
subject42,/afs/crc.nd.edu/group/cvrl/scratch_34/jspeth/preprocessed/UBFC_rPPG/subject42.npz,l2_norm,15,5,0-15,10-25,1.0718333621496043
subject42,/afs/crc.nd.edu/group/cvrl/scratch_34/jspeth/preprocessed/UBFC_rPPG/subject42.npz,l2_norm,15,5,0-15,15-30,0.9208170790503055
subject42,/afs/crc.nd.edu/group/cvrl/scratch_34/jspeth/preprocessed/UBFC_rPPG/subject42.npz,l2_norm,15,5,5-20,10-25,0.5654648760626155
subject42,/afs/crc.nd.edu/group/cvrl/scratch_34/jspeth/preprocessed/UBFC_rPPG/subject42.npz,l2_norm,15,5,5-20,15-30,0.5648947028940305
subject42,/afs/crc.nd.edu/group/cvrl/scratch_34/jspeth/preprocessed/UBFC_rPPG/subject42.npz,l2_norm,15,5,10-25,15-30,0.565568517779373
subject43,/afs/crc.nd.edu/group/cvrl/scratch_34/jspeth/preprocessed/UBFC_rPPG/subject43.npz,l2_norm,15,5,0-15,5-20,0.6336341937440034
subject43,/afs/crc.nd.edu/group/cvrl/scratch_34/jspeth/preprocessed/UBFC_rPPG/subject43.npz,l2_norm,15,5,0-15,10-25,0.9282140189986741
subject43,/afs/crc.nd.edu/group/cvrl/scratch_34/jspeth/preprocessed/UBFC_rPPG/subject43.npz,l2_norm,15,5,0-15,15-30,0.5689748595072989
subject43,/afs/crc.nd.edu/group/cvrl/scratch_34/jspeth/preprocessed/UBFC_rPPG/subject43.npz,l2_norm,15,5,5-20,10-25,0.6332740538685667
subject43,/afs/crc.nd.edu/group/cvrl/scratch_34/jspeth/preprocessed/UBFC_rPPG/subject43.npz,l2_norm,15,5,5-20,15-30,0.8765047993038599
subject43,/afs/crc.nd.edu/group/cvrl/scratch_34/jspeth/preprocessed/UBFC_rPPG/subject43.npz,l2_norm,15,5,10-25,15-30,0.9354337937825581
subject44,/afs/crc.nd.edu/group/cvrl/scratch_34/jspeth/preprocessed/UBFC_rPPG/subject44.npz,l2_norm,15,5,0-15,5-20,0.46608517083333695
subject44,/afs/crc.nd.edu/group/cvrl/scratch_34/jspeth/preprocessed/UBFC_rPPG/subject44.npz,l2_norm,15,5,0-15,10-25,0.5318626004371432
subject44,/afs/crc.nd.edu/group/cvrl/scratch_34/jspeth/preprocessed/UBFC_rPPG/subject44.npz,l2_norm,15,5,0-15,15-30,0.7421469070684841
subject44,/afs/crc.nd.edu/group/cvrl/scratch_34/jspeth/preprocessed/UBFC_rPPG/subject44.npz,l2_norm,15,5,5-20,10-25,0.47336401790598576
subject44,/afs/crc.nd.edu/group/cvrl/scratch_34/jspeth/preprocessed/UBFC_rPPG/subject44.npz,l2_norm,15,5,5-20,15-30,0.7886409582034295
subject44,/afs/crc.nd.edu/group/cvrl/scratch_34/jspeth/preprocessed/UBFC_rPPG/subject44.npz,l2_norm,15,5,10-25,15-30,0.5658904527877038
subject45,/afs/crc.nd.edu/group/cvrl/scratch_34/jspeth/preprocessed/UBFC_rPPG/subject45.npz,l2_norm,15,5,0-15,5-20,0.5979840802952407
subject45,/afs/crc.nd.edu/group/cvrl/scratch_34/jspeth/preprocessed/UBFC_rPPG/subject45.npz,l2_norm,15,5,0-15,10-25,0.7449019461597535
subject45,/afs/crc.nd.edu/group/cvrl/scratch_34/jspeth/preprocessed/UBFC_rPPG/subject45.npz,l2_norm,15,5,0-15,15-30,0.9188409041489822
subject45,/afs/crc.nd.edu/group/cvrl/scratch_34/jspeth/preprocessed/UBFC_rPPG/subject45.npz,l2_norm,15,5,5-20,10-25,0.5671026318983617
subject45,/afs/crc.nd.edu/group/cvrl/scratch_34/jspeth/preprocessed/UBFC_rPPG/subject45.npz,l2_norm,15,5,5-20,15-30,0.9339678052769865
subject45,/afs/crc.nd.edu/group/cvrl/scratch_34/jspeth/preprocessed/UBFC_rPPG/subject45.npz,l2_norm,15,5,10-25,15-30,0.72166415444524
subject46,/afs/crc.nd.edu/group/cvrl/scratch_34/jspeth/preprocessed/UBFC_rPPG/subject46.npz,l2_norm,15,5,0-15,5-20,0.6421539389753939
subject46,/afs/crc.nd.edu/group/cvrl/scratch_34/jspeth/preprocessed/UBFC_rPPG/subject46.npz,l2_norm,15,5,0-15,10-25,0.8512711171599102
subject46,/afs/crc.nd.edu/group/cvrl/scratch_34/jspeth/preprocessed/UBFC_rPPG/subject46.npz,l2_norm,15,5,0-15,15-30,0.6893729999989553
subject46,/afs/crc.nd.edu/group/cvrl/scratch_34/jspeth/preprocessed/UBFC_rPPG/subject46.npz,l2_norm,15,5,5-20,10-25,0.5968101474294251
subject46,/afs/crc.nd.edu/group/cvrl/scratch_34/jspeth/preprocessed/UBFC_rPPG/subject46.npz,l2_norm,15,5,5-20,15-30,0.745649995738786
subject46,/afs/crc.nd.edu/group/cvrl/scratch_34/jspeth/preprocessed/UBFC_rPPG/subject46.npz,l2_norm,15,5,10-25,15-30,0.5530114651296498
subject47,/afs/crc.nd.edu/group/cvrl/scratch_34/jspeth/preprocessed/UBFC_rPPG/subject47.npz,l2_norm,15,5,0-15,5-20,0.6053978491597373
subject47,/afs/crc.nd.edu/group/cvrl/scratch_34/jspeth/preprocessed/UBFC_rPPG/subject47.npz,l2_norm,15,5,0-15,10-25,1.233916032913467
subject47,/afs/crc.nd.edu/group/cvrl/scratch_34/jspeth/preprocessed/UBFC_rPPG/subject47.npz,l2_norm,15,5,0-15,15-30,0.9268495468163107
subject47,/afs/crc.nd.edu/group/cvrl/scratch_34/jspeth/preprocessed/UBFC_rPPG/subject47.npz,l2_norm,15,5,5-20,10-25,0.9937461625304189
subject47,/afs/crc.nd.edu/group/cvrl/scratch_34/jspeth/preprocessed/UBFC_rPPG/subject47.npz,l2_norm,15,5,5-20,15-30,0.6426653239334028
subject47,/afs/crc.nd.edu/group/cvrl/scratch_34/jspeth/preprocessed/UBFC_rPPG/subject47.npz,l2_norm,15,5,10-25,15-30,0.7583620244667318
subject48,/afs/crc.nd.edu/group/cvrl/scratch_34/jspeth/preprocessed/UBFC_rPPG/subject48.npz,l2_norm,15,5,0-15,5-20,0.3654071891259484
subject48,/afs/crc.nd.edu/group/cvrl/scratch_34/jspeth/preprocessed/UBFC_rPPG/subject48.npz,l2_norm,15,5,0-15,10-25,0.44590534249705155
subject48,/afs/crc.nd.edu/group/cvrl/scratch_34/jspeth/preprocessed/UBFC_rPPG/subject48.npz,l2_norm,15,5,0-15,15-30,0.5452617842742564
subject48,/afs/crc.nd.edu/group/cvrl/scratch_34/jspeth/preprocessed/UBFC_rPPG/subject48.npz,l2_norm,15,5,5-20,10-25,0.28697839633423056
subject48,/afs/crc.nd.edu/group/cvrl/scratch_34/jspeth/preprocessed/UBFC_rPPG/subject48.npz,l2_norm,15,5,5-20,15-30,0.5451860845095965
subject48,/afs/crc.nd.edu/group/cvrl/scratch_34/jspeth/preprocessed/UBFC_rPPG/subject48.npz,l2_norm,15,5,10-25,15-30,0.3775432410636925
subject49,/afs/crc.nd.edu/group/cvrl/scratch_34/jspeth/preprocessed/UBFC_rPPG/subject49.npz,l2_norm,15,5,0-15,5-20,0.4439003350792331
subject49,/afs/crc.nd.edu/group/cvrl/scratch_34/jspeth/preprocessed/UBFC_rPPG/subject49.npz,l2_norm,15,5,0-15,10-25,0.5638984075722607
subject49,/afs/crc.nd.edu/group/cvrl/scratch_34/jspeth/preprocessed/UBFC_rPPG/subject49.npz,l2_norm,15,5,0-15,15-30,0.48329840973302457
subject49,/afs/crc.nd.edu/group/cvrl/scratch_34/jspeth/preprocessed/UBFC_rPPG/subject49.npz,l2_norm,15,5,5-20,10-25,0.3656096020210212
subject49,/afs/crc.nd.edu/group/cvrl/scratch_34/jspeth/preprocessed/UBFC_rPPG/subject49.npz,l2_norm,15,5,5-20,15-30,0.482911856347491
subject49,/afs/crc.nd.edu/group/cvrl/scratch_34/jspeth/preprocessed/UBFC_rPPG/subject49.npz,l2_norm,15,5,10-25,15-30,0.4946190033142434
subject5,/afs/crc.nd.edu/group/cvrl/scratch_34/jspeth/preprocessed/UBFC_rPPG/subject5.npz,l2_norm,15,5,0-15,5-20,0.6431563369875736
subject5,/afs/crc.nd.edu/group/cvrl/scratch_34/jspeth/preprocessed/UBFC_rPPG/subject5.npz,l2_norm,15,5,0-15,10-25,0.5843166469253
subject5,/afs/crc.nd.edu/group/cvrl/scratch_34/jspeth/preprocessed/UBFC_rPPG/subject5.npz,l2_norm,15,5,0-15,15-30,0.8260572735816014
subject5,/afs/crc.nd.edu/group/cvrl/scratch_34/jspeth/preprocessed/UBFC_rPPG/subject5.npz,l2_norm,15,5,5-20,10-25,0.6128467387980773
subject5,/afs/crc.nd.edu/group/cvrl/scratch_34/jspeth/preprocessed/UBFC_rPPG/subject5.npz,l2_norm,15,5,5-20,15-30,0.9566492804125292
subject5,/afs/crc.nd.edu/group/cvrl/scratch_34/jspeth/preprocessed/UBFC_rPPG/subject5.npz,l2_norm,15,5,10-25,15-30,0.5880805614787459
subject8,/afs/crc.nd.edu/group/cvrl/scratch_34/jspeth/preprocessed/UBFC_rPPG/subject8.npz,l2_norm,15,5,0-15,5-20,0.4840112659662487
subject8,/afs/crc.nd.edu/group/cvrl/scratch_34/jspeth/preprocessed/UBFC_rPPG/subject8.npz,l2_norm,15,5,0-15,10-25,0.6516893823496996
subject8,/afs/crc.nd.edu/group/cvrl/scratch_34/jspeth/preprocessed/UBFC_rPPG/subject8.npz,l2_norm,15,5,0-15,15-30,0.9123116947594417
subject8,/afs/crc.nd.edu/group/cvrl/scratch_34/jspeth/preprocessed/UBFC_rPPG/subject8.npz,l2_norm,15,5,5-20,10-25,0.479651724554496
subject8,/afs/crc.nd.edu/group/cvrl/scratch_34/jspeth/preprocessed/UBFC_rPPG/subject8.npz,l2_norm,15,5,5-20,15-30,0.8295602771172909
subject8,/afs/crc.nd.edu/group/cvrl/scratch_34/jspeth/preprocessed/UBFC_rPPG/subject8.npz,l2_norm,15,5,10-25,15-30,0.5399620281457617
subject9,/afs/crc.nd.edu/group/cvrl/scratch_34/jspeth/preprocessed/UBFC_rPPG/subject9.npz,l2_norm,15,5,0-15,5-20,0.48025394688155126
subject9,/afs/crc.nd.edu/group/cvrl/scratch_34/jspeth/preprocessed/UBFC_rPPG/subject9.npz,l2_norm,15,5,0-15,10-25,0.9925037849101996
subject9,/afs/crc.nd.edu/group/cvrl/scratch_34/jspeth/preprocessed/UBFC_rPPG/subject9.npz,l2_norm,15,5,0-15,15-30,0.9914116918579892
subject9,/afs/crc.nd.edu/group/cvrl/scratch_34/jspeth/preprocessed/UBFC_rPPG/subject9.npz,l2_norm,15,5,5-20,10-25,0.9295852575841098
subject9,/afs/crc.nd.edu/group/cvrl/scratch_34/jspeth/preprocessed/UBFC_rPPG/subject9.npz,l2_norm,15,5,5-20,15-30,1.0357964571941298
subject9,/afs/crc.nd.edu/group/cvrl/scratch_34/jspeth/preprocessed/UBFC_rPPG/subject9.npz,l2_norm,15,5,10-25,15-30,0.6963378945547438
